/*
The following was mostly generated by a command, I just tidied it up afterwards.

For future maintainers, this is how I did it:
I built the project and started with an empty database.
I went through a fair chunk of the feature set, trying to hit
every nook and cranny of possibility.  Then, I used the following command:

  options used
  ------------

  --complete-insert	Use complete INSERT statements that include column names
  --disable-keys	For each table, surround the INSERT statements with statements to disable and enable keys
  --no-create-db	This option suppresses the CREATE DATABASE statements
  --no-create-info	Do not write CREATE TABLE statements that re-create each dumped table
  --no-set-names	Same as --skip-set-charset - --skip-set-charset	Suppress the SET NAMES statement
  --no-tablespaces	Do not write any CREATE LOGFILE GROUP or CREATE TABLESPACE statements in output
  --order-by-primary	Dump each table's rows sorted by its primary key, or by its first unique index
  --skip-comments	Do not add comments to the dump file
  --skip-add-locks	Do not add locks
  --skip-quote-names	Do not quote identifiers
  --add-drop-table	Add a DROP TABLE statement before each CREATE TABLE statement

  The actual command
  -------------------

  mysqldump  --single-transaction --add-drop-table --complete-insert --no-create-db --no-create-info --no-set-names --no-tablespaces --order-by-primary --skip-comments --skip-add-locks --skip-quote-names xenos_database -u xenosuser -ppassword1 > test

this puts a file together, "test".  I edited that file, taking out the stuff that
will get put in in setup.sql, like the first few users (id's 1, 2, and 3) and some
of the enums (like requestoffer_service_request_status, basically anything where you 
see an INSERT in v1_setup.sql).  I added SET FOREIGN_KEY_CHECKS=0; and =1 at beginning
and end.  A little testing, frustration, and poof we're done!

*/
SET FOREIGN_KEY_CHECKS=0;
---DELIMITER---
-- note: all users have the password "password" except pierre, which is sacrébleu and 恩惠 has the password 斯我提供
INSERT INTO user (user_id, username, email, password, points, language, is_logged_in, date_created, salt, last_time_logged_in, last_activity_time, timeout_seconds, last_ip_logged_in, rank, is_admin) VALUES 
(4,'bob',NULL,'0ADF2248300C0A4A5DD9C7916EDD9D5533AD82A518274E53238EB8B13F3C2710',0,NULL,0,'2015-03-01 19:27:08','4219374898085072381','2015-03-01 20:42:43','2015-03-01 20:42:55',1800,'127.0.0.1',1,0),
(5,'sally',NULL,'258720BC19200E7A75D1FE9C241CAA3B4EB5C5A7688DBBC7748E31F1078044E8',-1,NULL,0,'2015-03-01 19:42:01','9137586857250951948','2015-03-01 20:41:17','2015-03-01 20:41:57',1800,'127.0.0.1',1,0),
(6,'alice',NULL,'40058AFF576675A82A122B65C0EB8202B7ED58AE70B5F1D35ECFE286856F9260',-2,NULL,0,'2015-03-01 20:04:22','1979270642414099325','2015-03-01 20:04:28','2015-03-01 20:26:57',1800,'127.0.0.1',0.5,0),
(7,'cameron',NULL,'9D55ABD1ED2951613CFDCF921E090A273E7C6FFB6CF22184E7BA728BF469C876',-5,NULL,0,'2015-03-01 20:27:06','2306512296206722904','2015-03-01 20:27:11','2015-03-01 20:40:58',1800,'127.0.0.1',0.5,0),
(8,'ç±»å«',NULL,'8CEF7E53C7BAED45E59BF70E9B1CFEF500D33A8B50A425250A84332F34B6D1F3',0,NULL,NULL,'2015-03-01 20:31:22','5376283705247003333',NULL,NULL,1800,NULL,0.5,0),
(10,'恩惠',NULL,'8D5270D185F8928ED9BAA18D85333325EC2DE965780CCEF34A36187C9B129CD0',-2,NULL,0,'2015-03-01 20:33:15','2494423361345025222','2015-03-01 20:43:08','2015-03-01 20:43:39',1800,'127.0.0.1',0.5,0),
(11,'pierre',NULL,'355024352107A76502761225EC895A78B7631ABF18933A9EAC1D304074B86660',-3,NULL,0,'2015-03-01 20:37:41','5749404646703687923','2015-03-01 20:37:48','2015-03-01 20:40:56',1800,'127.0.0.1',0.5,0),
(12,'elysa',NULL,'C32AE6288FD85FE1DE5968DB405006A725685C54150FA6F6C2FB2631E418E561',-1,NULL,1,'2015-03-01 20:41:14','3115144484287809561','2015-03-01 20:41:22','2015-03-01 20:45:21',1800,'127.0.0.1',0.5,0),
(13,'byron',NULL,'E5966CF6916F909F5E17507E7E06606BCE90A15FB4BD0F3E19BA495464458D45',1,NULL,1,'2015-03-01 20:42:05','3663213206672752338','2015-03-01 20:43:44','2015-03-01 20:48:04',1800,'127.0.0.1',1,0);
---DELIMITER---
INSERT INTO requestoffer (requestoffer_id, datetime, description, points, requestoffering_user_id, handling_user_id) VALUES (1,'2015-03-01 19:27:45','Walk Charlie and Sally',1,4,5),(2,'2015-03-01 19:42:23','Do my economics homework for tomorrow',1,5,4),(4,'2015-03-01 19:56:07','Pick up my father - in - law from the airport, Dulles airport to my address',1,5,NULL),(5,'2015-03-01 20:04:44','Can someone explain this place to me?',1,6,NULL),(6,'2015-03-01 20:05:48','<script>alert(\'desc\')</script>',1,6,4),(7,'2015-03-01 20:26:46','do my physics homework tonight',1,4,NULL),(8,'2015-03-01 20:27:38','Someone please do my English homework tonight',1,7,NULL),(9,'2015-03-01 20:27:55','Someone do my math homework tonight',1,7,NULL),(10,'2015-03-01 20:28:15','Someone beat up my brother for me, tonight',1,7,NULL),(11,'2015-03-01 20:28:56','deliver me some cookies',1,7,NULL),(12,'2015-03-01 20:30:40','Walk my dog, Ms. Kitty, tonight.',1,7,NULL),(13,'2015-03-01 20:35:13','经济学',1,10,NULL),(14,'2015-03-01 20:35:45','我的厚待被服务',1,10,NULL),(15,'2015-03-01 20:39:06','Zut alors\' I have missed one!',1,11,NULL),(16,'2015-03-01 20:40:00','Mais il dit non au professeur Il est debout On le questionne Et tous les problèmes sont posés Soudain le fou rire le prend Et il efface tout Les chiffres et les mots Les dates et les noms Les phrases ',1,11,NULL),(17,'2015-03-01 20:40:15','En sortant de l\'école Nous avons rencontré Un grand chemin de fer Qui nous a emmenés ',1,11,NULL),(18,'2015-03-01 20:41:45','Draw a picture of my family',1,12,13);
---DELIMITER---
INSERT INTO audit (datetime, audit_action_id, user_id, target_id, notes_id) VALUES ('2015-03-01 19:26:57',14,NULL,NULL,1),('2015-03-01 19:27:01',14,NULL,NULL,2),('2015-03-01 19:27:05',14,NULL,NULL,3),('2015-03-01 19:27:08',14,NULL,NULL,4),('2015-03-01 19:27:08',4,4,NULL,NULL),('2015-03-01 19:27:10',14,NULL,NULL,5),('2015-03-01 19:27:12',14,NULL,NULL,6),('2015-03-01 19:27:13',15,4,4,NULL),('2015-03-01 19:27:46',1,4,1,NULL),('2015-03-01 19:27:46',12,4,1,NULL),('2015-03-01 19:27:46',21,4,1,NULL),('2015-03-01 19:40:01',9,4,1,NULL),('2015-03-01 19:42:01',4,5,NULL,NULL),('2015-03-01 19:42:09',15,5,5,NULL),('2015-03-01 19:42:24',1,5,2,NULL),('2015-03-01 19:42:24',12,5,2,NULL),('2015-03-01 19:42:24',21,0,2,NULL),('2015-03-01 19:42:31',9,5,2,NULL),('2015-03-01 19:42:43',1,5,3,NULL),('2015-03-01 19:42:44',12,5,3,NULL),('2015-03-01 19:42:44',21,0,3,NULL),('2015-03-01 19:42:55',2,5,3,7),('2015-03-01 19:43:07',7,4,2,NULL),('2015-03-01 19:43:11',7,5,1,NULL),('2015-03-01 19:45:39',3,4,2,NULL),('2015-03-01 19:45:40',3,5,1,NULL),('2015-03-01 19:53:57',11,4,2,NULL),('2015-03-01 19:53:57',6,5,2,NULL),('2015-03-01 19:56:08',1,5,4,NULL),('2015-03-01 19:56:08',12,5,4,NULL),('2015-03-01 19:56:08',21,5,4,NULL),('2015-03-01 19:56:17',9,5,4,NULL),('2015-03-01 19:58:43',11,5,1,NULL),('2015-03-01 19:58:43',6,4,1,NULL),('2015-03-01 20:01:07',15,4,4,NULL),('2015-03-01 20:04:12',16,4,NULL,NULL),('2015-03-01 20:04:22',4,6,NULL,NULL),('2015-03-01 20:04:28',15,6,6,NULL),('2015-03-01 20:04:45',1,6,5,NULL),('2015-03-01 20:04:45',12,6,5,NULL),('2015-03-01 20:04:45',21,0,5,NULL),('2015-03-01 20:05:49',1,6,6,NULL),('2015-03-01 20:05:49',12,6,6,NULL),('2015-03-01 20:05:49',21,6,6,NULL),('2015-03-01 20:08:26',9,6,6,NULL),('2015-03-01 20:08:46',15,4,4,NULL),('2015-03-01 20:10:23',7,4,6,NULL),('2015-03-01 20:10:35',3,4,6,NULL),('2015-03-01 20:11:38',11,4,6,NULL),('2015-03-01 20:11:38',6,6,6,NULL),('2015-03-01 20:26:31',9,6,5,NULL),('2015-03-01 20:26:47',1,4,7,NULL),('2015-03-01 20:26:47',12,4,7,NULL),('2015-03-01 20:26:47',21,0,7,NULL),('2015-03-01 20:26:57',16,6,NULL,NULL),('2015-03-01 20:27:06',4,7,NULL,NULL),('2015-03-01 20:27:11',15,7,7,NULL),('2015-03-01 20:27:38',1,7,8,NULL),('2015-03-01 20:27:38',12,7,8,NULL),('2015-03-01 20:27:39',21,7,8,NULL),('2015-03-01 20:27:56',1,7,9,NULL),('2015-03-01 20:27:56',12,7,9,NULL),('2015-03-01 20:27:56',22,NULL,9,NULL),('2015-03-01 20:28:15',1,7,10,NULL),('2015-03-01 20:28:15',12,7,10,NULL),('2015-03-01 20:28:16',22,NULL,10,NULL),('2015-03-01 20:28:28',9,7,8,NULL),('2015-03-01 20:28:30',9,7,9,NULL),('2015-03-01 20:28:32',9,7,10,NULL),('2015-03-01 20:28:56',1,7,11,NULL),('2015-03-01 20:28:56',12,7,11,NULL),('2015-03-01 20:28:56',21,0,9,NULL),('2015-03-01 20:30:14',9,7,11,NULL),('2015-03-01 20:30:41',1,7,12,NULL),('2015-03-01 20:30:41',12,7,12,NULL),('2015-03-01 20:30:41',22,NULL,12,NULL),('2015-03-01 20:31:05',16,4,NULL,NULL),('2015-03-01 20:31:23',4,8,NULL,NULL),('2015-03-01 20:31:47',15,4,4,NULL),('2015-03-01 20:33:00',16,4,NULL,NULL),('2015-03-01 20:33:15',4,10,NULL,NULL),('2015-03-01 20:34:29',15,10,10,NULL),('2015-03-01 20:35:13',1,10,13,NULL),('2015-03-01 20:35:13',12,10,13,NULL),('2015-03-01 20:35:13',21,0,10,NULL),('2015-03-01 20:35:29',9,10,13,NULL),('2015-03-01 20:35:46',1,10,14,NULL),('2015-03-01 20:35:46',12,10,14,NULL),('2015-03-01 20:35:46',21,0,11,NULL),('2015-03-01 20:35:49',16,10,NULL,NULL),('2015-03-01 20:37:41',4,11,NULL,NULL),('2015-03-01 20:37:48',15,11,11,NULL),('2015-03-01 20:39:07',1,11,15,NULL),('2015-03-01 20:39:07',12,11,15,NULL),('2015-03-01 20:39:07',21,11,12,NULL),('2015-03-01 20:40:01',1,11,16,NULL),('2015-03-01 20:40:01',12,11,16,NULL),('2015-03-01 20:40:01',21,0,13,NULL),('2015-03-01 20:40:15',1,11,17,NULL),('2015-03-01 20:40:15',12,11,17,NULL),('2015-03-01 20:40:16',21,0,14,NULL),('2015-03-01 20:40:20',9,11,16,NULL),('2015-03-01 20:40:25',9,11,17,NULL),('2015-03-01 20:40:56',16,11,NULL,NULL),('2015-03-01 20:40:58',16,7,NULL,NULL),('2015-03-01 20:41:14',4,12,NULL,NULL),('2015-03-01 20:41:17',15,5,5,NULL),('2015-03-01 20:41:22',15,12,12,NULL),('2015-03-01 20:41:46',1,12,18,NULL),('2015-03-01 20:41:46',12,12,18,NULL),('2015-03-01 20:41:46',21,0,15,NULL),('2015-03-01 20:41:52',9,12,18,NULL),('2015-03-01 20:41:57',16,5,NULL,NULL),('2015-03-01 20:42:05',4,13,NULL,NULL),('2015-03-01 20:42:11',15,13,13,NULL),('2015-03-01 20:42:20',7,13,18,NULL),('2015-03-01 20:42:38',16,13,NULL,NULL),('2015-03-01 20:42:43',15,4,4,NULL),('2015-03-01 20:42:51',7,4,18,NULL),('2015-03-01 20:42:55',16,4,NULL,NULL),('2015-03-01 20:43:08',15,10,10,NULL),('2015-03-01 20:43:14',7,10,18,NULL),('2015-03-01 20:43:26',3,13,18,NULL),('2015-03-01 20:43:26',20,4,18,NULL),('2015-03-01 20:43:26',20,10,18,NULL),('2015-03-01 20:43:39',16,10,NULL,NULL),('2015-03-01 20:43:44',15,13,13,NULL),('2015-03-01 20:45:20',11,13,18,NULL),('2015-03-01 20:45:20',6,12,18,NULL);
---DELIMITER---
INSERT INTO audit_notes (notes_id, notes) VALUES (1,'127.0.0.1'),(2,'127.0.0.1'),(3,'127.0.0.1'),(4,'127.0.0.1'),(5,'127.0.0.1'),(6,'127.0.0.1'),(7,'Do my English homework|created:2015-03-01|pts:1|st:DRAFT');
---DELIMITER---
INSERT INTO location (location_id, address_line_1, address_line_2, city, state, postal_code, country) VALUES (1,'2335 Dogwood meadows cover','','Germantown','TN','39139','USA'),(2,'','','','','',''),(3,'','','','','',''),(4,'1234 cutwater place','','sterling','VA','20165','USA'),(5,'','','','','',''),(6,'<script>alert(\'strtaddr1\')</script>','<script>alert(\'strtaddr2\')</script>','<script>alert(\'city\')</script>','<script>alert(\'stat\')</script>','12345','<script>alert(\'country\')</script>'),(7,'','','','','',''),(8,'20675 Cutwater Place','','Sterling','VA','20165','USA'),(9,'','','','','',''),(10,'费沃斯我提供服务','费沃斯我提供服务','费沃斯我提供服务','费沃斯我提供服务','费沃斯我提供服务','费沃斯我提供服务'),(11,'','','','','',''),(12,'100 Av. des Champs-Élysées','','Paris','','7500','France'),(13,'','','','','',''),(14,'','','','','',''),(15,'','','','','','');
---DELIMITER---
INSERT INTO location_to_requestoffer (location_id, requestoffer_id) VALUES (1,1),(2,2),(4,4),(5,5),(6,6),(7,7),(8,8),(8,9),(8,10),(8,12),(9,11),(10,13),(11,14),(12,15),(13,16),(14,17),(15,18);
---DELIMITER---
INSERT INTO location_to_user (location_id, user_id) VALUES (1,4),(4,5),(6,6),(8,7),(12,11);
---DELIMITER---
INSERT INTO requestoffer_message (requestoffer_id, message, timestamp, from_user_id, to_user_id) VALUES (2,'bob says:Can you send me a pic of your homework sheets?','2015-03-01 19:51:56',4,5),(2,'sally says:Yeah, they are now at https://mypics.com','2015-03-01 19:52:20',5,4),(2,'bob says:Ok I got them','2015-03-01 19:52:27',4,5),(2,'bob says:Here is your homework at https://iamdone.com','2015-03-01 19:52:39',4,5),(2,'sally says:Got it','2015-03-01 19:52:43',5,4),(2,'sally says:Oh gosh, this looks great, thanks!','2015-03-01 19:52:51',5,4),(1,'bob says:Hey can you walk my dog tomorrow?','2015-03-01 19:58:19',4,5),(1,'sally says:yeah sure can','2015-03-01 19:58:28',5,4),(1,'bob says:Thanks for doing it.  You rock.','2015-03-01 19:58:39',4,5),(6,'bob says:Yay, I cannot wait to <script>alert(\'messagetext\')</script>','2015-03-01 20:11:03',4,6),(6,'alice says:yeah, like, <script>alert(\'responsemessagetext\')</script>','2015-03-01 20:11:30',6,4),(18,'byron says:Great, let\'s get this started','2015-03-01 20:44:05',13,12),(18,'byron says:I\'ll be happy to draw that pic for your family, just send me a photograph.','2015-03-01 20:44:23',13,12),(18,'elysa says:Sure, it\'s at http://whatever.the.hell.com','2015-03-01 20:44:41',12,13),(18,'byron says:is that a joke?','2015-03-01 20:44:48',13,12),(18,'elysa says:No.','2015-03-01 20:44:53',12,13),(18,'byron says:ok','2015-03-01 20:44:56',13,12),(18,'byron says:It\'s done','2015-03-01 20:44:59',13,12),(18,'byron says:get it at whocares.lol.com','2015-03-01 20:45:09',13,12),(18,'elysa says:Got it, thanks!','2015-03-01 20:45:14',12,13);
---DELIMITER---
INSERT INTO requestoffer_service_request (requestoffer_id, user_id, date_created, date_modified, status) VALUES (1,5,'2015-03-01 19:43:10','2015-03-01 19:45:40',107),(2,4,'2015-03-01 19:43:07','2015-03-01 19:45:39',107),(6,4,'2015-03-01 20:10:22','2015-03-01 20:10:35',107),(18,4,'2015-03-01 20:42:51','2015-03-01 20:43:26',108),(18,10,'2015-03-01 20:43:13','2015-03-01 20:43:26',108),(18,13,'2015-03-01 20:42:20','2015-03-01 20:43:26',107);
---DELIMITER---
INSERT INTO requestoffer_state (requestoffer_id, status, datetime) VALUES (1,77,'2015-03-01 19:27:45'),(2,77,'2015-03-01 19:42:23'),(4,76,'2015-03-01 19:56:07'),(5,76,'2015-03-01 20:04:44'),(6,77,'2015-03-01 20:05:48'),(7,109,'2015-03-01 20:26:46'),(8,76,'2015-03-01 20:27:38'),(9,76,'2015-03-01 20:27:55'),(10,76,'2015-03-01 20:28:15'),(11,76,'2015-03-01 20:28:56'),(12,109,'2015-03-01 20:30:40'),(13,76,'2015-03-01 20:35:13'),(14,109,'2015-03-01 20:35:45'),(15,109,'2015-03-01 20:39:06'),(16,76,'2015-03-01 20:40:00'),(17,76,'2015-03-01 20:40:15'),(18,77,'2015-03-01 20:41:45');
---DELIMITER---
INSERT INTO requestoffer_to_category (requestoffer_id, requestoffer_category_id) VALUES (1,144),(2,73),(4,145),(5,72),(6,74),(7,72),(8,75),(9,71),(10,73),(11,74),(12,144),(13,73),(14,145),(15,73),(16,74),(17,143),(18,73);
---DELIMITER---
INSERT INTO requestoffer_user_state (user_id, requestoffer_id, requestoffer_service_status_id) VALUES (4,1,2),(4,2,2),(4,6,2),(5,1,2),(5,2,2),(6,6,3),(12,18,3),(13,18,2);
---DELIMITER---
INSERT INTO system_to_user_message (stu_message_id, requestoffer_id, text_id, timestamp, to_user_id, has_been_viewed) VALUES (1,2,148,'2015-03-01 19:43:07',5,0),(2,1,148,'2015-03-01 19:43:11',4,0),(3,2,132,'2015-03-01 19:45:39',4,0),(4,1,132,'2015-03-01 19:45:40',5,0),(5,6,148,'2015-03-01 20:10:23',6,0),(6,6,132,'2015-03-01 20:10:35',4,0),(7,18,148,'2015-03-01 20:42:20',12,0),(8,18,148,'2015-03-01 20:42:51',12,0),(9,18,148,'2015-03-01 20:43:14',12,0),(10,18,132,'2015-03-01 20:43:26',13,0),(11,18,133,'2015-03-01 20:43:26',4,0),(12,18,133,'2015-03-01 20:43:26',10,0);
---DELIMITER---
INSERT INTO user_rank_data_point (date_entered, judge_user_id, judged_user_id, requestoffer_id, meritorious) VALUES ('2015-03-01 19:53:57',5,4,2,1),('2015-03-01 19:58:43',4,5,1,1),('2015-03-01 20:11:38',6,4,6,1),('2015-03-01 20:45:20',12,13,18,1);
---DELIMITER---
SET FOREIGN_KEY_CHECKS=0;
